username,first_name,last_name,email,gender,password,date_of_birth
msouthall0,Meir,Southall,msouthall0@marriott.com,Male,false,1995-07-21
rmawby1,Rowland,Mawby,rmawby1@technorati.com,Male,false,1999-10-04
pgarrioch2,Patrizius,Garrioch,pgarrioch2@php.net,Male,false,1994-08-11
kwestmorland3,Kelila,Westmorland,kwestmorland3@businesswire.com,Female,false,1999-01-03
rwinders4,Rudolfo,Winders,rwinders4@canalblog.com,Male,true,1999-07-09
htapson5,Herman,Tapson,htapson5@altervista.org,Male,false,1999-12-07
mduddell6,Marshall,Duddell,mduddell6@businessweek.com,Male,false,1994-09-24
jhawkeswood7,Jeanie,Hawkeswood,jhawkeswood7@joomla.org,Female,true,2000-01-22
ctomsett8,Claire,Tomsett,ctomsett8@discovery.com,Female,true,1994-11-28
bbrahan9,Brenda,Brahan,bbrahan9@twitpic.com,Female,false,1999-08-27
jrendbaeka,Jacintha,Rendbaek,jrendbaeka@earthlink.net,Female,false,1999-11-09
wdonisib,Walliw,D'Onisi,wdonisib@angelfire.com,Female,false,1998-10-24
elympeniec,Earlie,Lympenie,elympeniec@sciencedirect.com,Male,false,1994-05-26
kjeanesd,Kit,Jeanes,kjeanesd@apple.com,Male,false,1994-01-31
hvallerinee,Heywood,Vallerine,hvallerinee@google.com.au,Male,true,1996-05-15
glongthornef,Gaylene,Longthorne,glongthornef@pcworld.com,Female,false,1996-10-13
marlingg,Magdalene,Arling,marlingg@twitpic.com,Female,true,1994-10-31
gselwinh,Guido,Selwin,gselwinh@spiegel.de,Male,false,1999-11-09
rweltoni,Rafael,Welton,rweltoni@bigcartel.com,Male,false,2001-03-04
kkohnj,Kristi,Kohn,kkohnj@paypal.com,Female,true,1999-12-13
gsturgesk,Goober,Sturges,gsturgesk@seesaa.net,Male,true,2000-05-26
drzehorzl,Dannye,Rzehorz,drzehorzl@time.com,Female,false,1995-01-27
pecclesm,Palmer,Eccles,pecclesm@adobe.com,Male,true,2001-05-28
jmarjoribanksn,Joachim,Marjoribanks,jmarjoribanksn@illinois.edu,Male,false,2000-10-25
jweitzelo,Jonas,Weitzel,jweitzelo@ning.com,Male,false,1995-03-07
lhatreyp,Lemar,Hatrey,lhatreyp@example.com,Male,false,1997-01-18
saplinq,Svend,Aplin,saplinq@time.com,Male,true,1999-09-15
blamzedr,Betteanne,Lamzed,blamzedr@usda.gov,Female,true,2001-01-16
vklaisers,Vail,Klaiser,vklaisers@baidu.com,Male,false,2000-02-08
mcristofalot,Merridie,Cristofalo,mcristofalot@123-reg.co.uk,Genderfluid,false,1995-01-21
dborgarsu,Doroteya,Borgars,dborgarsu@nature.com,Female,false,2000-03-15
lkirckmanv,Libbi,Kirckman,lkirckmanv@pagesperso-orange.fr,Female,false,1999-08-09
mmarchisow,Madge,Marchiso,mmarchisow@arstechnica.com,Female,false,1999-04-07
ldrysdalex,Letta,Drysdale,ldrysdalex@telegraph.co.uk,Agender,false,1996-02-06
sstrondy,Shirleen,Strond,sstrondy@bizjournals.com,Female,false,1997-07-30
dthomez,Donella,Thome,dthomez@xing.com,Female,false,1993-10-11
gmacvean10,Gun,MacVean,gmacvean10@webeden.co.uk,Genderfluid,false,1997-09-13
jcozens11,Jesse,Cozens,jcozens11@ehow.com,Female,false,1997-09-23
cfearney12,Colline,Fearney,cfearney12@sohu.com,Female,true,1997-07-07
mcarley13,Maribel,Carley,mcarley13@dot.gov,Female,false,1996-12-17
mclevely14,Mallorie,Clevely,mclevely14@mayoclinic.com,Female,true,1995-02-20
ajenicek15,Arther,Jenicek,ajenicek15@shinystat.com,Male,false,1996-07-20
upalombi16,Uriel,Palombi,upalombi16@lycos.com,Male,true,1993-08-04
vgarman17,Valli,Garman,vgarman17@smh.com.au,Female,false,1998-12-10
draiman18,Danny,Raiman,draiman18@businesswire.com,Male,true,1998-12-18
dmussared19,Daile,Mussared,dmussared19@devhub.com,Female,true,1998-10-21
lraleston1a,Livvie,Raleston,lraleston1a@blogtalkradio.com,Female,false,2000-06-03
ndormer1b,Nerte,Dormer,ndormer1b@discuz.net,Female,false,1999-07-25
bdearness1c,Bastian,Dearness,bdearness1c@usgs.gov,Male,true,1999-11-03
ndomican1d,Nara,Domican,ndomican1d@jigsy.com,Female,true,1999-03-25
jshuard1e,Jennica,Shuard,jshuard1e@newsvine.com,Female,false,1997-11-04
pgolthorpp1f,Perceval,Golthorpp,pgolthorpp1f@craigslist.org,Male,true,2000-11-16
cpaulillo1g,Clio,Paulillo,cpaulillo1g@homestead.com,Female,false,1997-07-15
vtomes1h,Vernen,Tomes,vtomes1h@si.edu,Male,false,1993-12-08
ktonks1i,Kalil,Tonks,ktonks1i@harvard.edu,Male,true,1996-07-20
alaxtonne1j,Agace,Laxtonne,alaxtonne1j@who.int,Female,false,1999-05-04
bbertholin1k,Bidget,Bertholin,bbertholin1k@bloomberg.com,Female,false,1997-09-21
rramas1l,Ronnie,Ramas,rramas1l@usa.gov,Male,false,1995-01-21
jscurrah1m,Joey,Scurrah,jscurrah1m@example.com,Male,true,1994-02-17
myitzhak1n,Mayor,Yitzhak,myitzhak1n@nifty.com,Male,false,1995-02-20
gmacbey1o,Gayelord,MacBey,gmacbey1o@bigcartel.com,Male,false,1994-06-03
chambly1p,Conni,Hambly,chambly1p@icq.com,Female,true,1995-05-01
jbargh1q,Jackie,Bargh,jbargh1q@businesswire.com,Female,true,2000-10-09
dzanni1r,Debbi,Zanni,dzanni1r@shop-pro.jp,Female,false,1994-06-29
mblincko1s,Moise,Blincko,mblincko1s@github.com,Male,true,1995-12-02
trobjant1t,Tommy,Robjant,trobjant1t@usnews.com,Genderqueer,false,1998-09-14
ejanak1u,Essy,Janak,ejanak1u@imdb.com,Female,true,2000-05-07
aexelby1v,Asa,Exelby,aexelby1v@cnet.com,Male,true,1998-08-08
aelman1w,Alanson,Elman,aelman1w@prnewswire.com,Male,false,1999-05-22
teyre1x,Tildy,Eyre,teyre1x@bbc.co.uk,Female,true,1995-03-11
sraxworthy1y,Shae,Raxworthy,sraxworthy1y@posterous.com,Female,false,1994-11-25
cwhittock1z,Cyrille,Whittock,cwhittock1z@reddit.com,Male,false,2001-04-09
abarfield20,Adoree,Barfield,abarfield20@livejournal.com,Female,true,1994-02-27
arobelin21,Andy,Robelin,arobelin21@pcworld.com,NonBinary,false,2000-03-23
achilde22,Adelice,Childe,achilde22@jiathis.com,Female,true,1997-06-12
bdarton23,Blair,Darton,bdarton23@economist.com,Female,false,1997-06-02
xavraam24,Ximenes,Avraam,xavraam24@reference.com,Male,false,2000-07-27
fdanter25,Franz,Danter,fdanter25@independent.co.uk,Male,true,1996-09-08
mvanderbaaren26,Milissent,Van der Baaren,mvanderbaaren26@uol.com.br,Female,false,2001-05-14
wstanway27,Wain,Stanway,wstanway27@shutterfly.com,Male,true,1998-10-14
lmaydway28,Loren,Maydway,lmaydway28@nytimes.com,Female,true,1995-01-02
wchingedehals29,Webb,Chinge de Hals,wchingedehals29@hugedomains.com,Male,false,2001-06-04
sharmar2a,Siusan,Harmar,sharmar2a@prweb.com,Female,true,2001-07-04
aphorsby2b,Alick,Phorsby,aphorsby2b@histats.com,Male,false,1997-03-06
kriguard2c,Korie,Riguard,kriguard2c@ucsd.edu,Female,false,1996-12-08
dbaldry2d,Dasie,Baldry,dbaldry2d@studiopress.com,Female,false,1994-09-25
mtilbury2e,Michell,Tilbury,mtilbury2e@whitehouse.gov,Female,false,1996-11-12
dcolbrun2f,Dru,Colbrun,dcolbrun2f@ox.ac.uk,Male,false,1994-04-25
byeo2g,Burg,Yeo,byeo2g@tinypic.com,Male,false,1997-05-08
dcaldairou2h,Darcey,Caldairou,dcaldairou2h@unicef.org,Genderqueer,false,1994-05-07
bhedingham2i,Brandise,Hedingham,bhedingham2i@geocities.jp,Female,true,1999-06-28
hledgerton2j,Hurley,Ledgerton,hledgerton2j@kickstarter.com,Male,true,1998-01-05
bvercruysse2k,Brina,Vercruysse,bvercruysse2k@si.edu,Female,false,1994-11-03
mriden2l,Maison,Riden,mriden2l@omniture.com,Male,false,1999-10-11
lmorville2m,Liva,Morville,lmorville2m@europa.eu,Female,true,1998-04-23
eaverall2n,Evvie,Averall,eaverall2n@163.com,Female,true,1996-08-01
kbengochea2o,Korella,Bengochea,kbengochea2o@pbs.org,Agender,true,1994-09-25
sadshad2p,Scotty,Adshad,sadshad2p@samsung.com,Male,false,1995-11-27
cfranscioni2q,Clayborne,Franscioni,cfranscioni2q@seesaa.net,Male,true,1998-05-15
smerrydew2r,Sophey,Merrydew,smerrydew2r@w3.org,Female,false,1995-09-20
bbuessen2s,Blisse,Buessen,bbuessen2s@usda.gov,Female,false,1997-07-25
pheibel2t,Pen,Heibel,pheibel2t@elegantthemes.com,Male,true,1997-07-22
sgreenwell2u,Shanan,Greenwell,sgreenwell2u@nymag.com,Male,false,1994-07-31
tgrob2v,Timotheus,Grob,tgrob2v@accuweather.com,Male,false,1999-10-31
nstuehmeier2w,Nadean,Stuehmeier,nstuehmeier2w@wiley.com,Female,true,1997-10-06
pfiggures2x,Penelopa,Figgures,pfiggures2x@bigcartel.com,Female,false,1995-07-03
asuggett2y,Ariela,Suggett,asuggett2y@e-recht24.de,Genderqueer,true,1993-08-31
sgobat2z,Sharline,Gobat,sgobat2z@geocities.com,Female,true,1998-02-28
ccorkell30,Cyndie,Corkell,ccorkell30@acquirethisname.com,Female,false,1996-12-30
ffloris31,Fayth,Floris,ffloris31@over-blog.com,Female,false,1994-11-17
jnourse32,Joelly,Nourse,jnourse32@soundcloud.com,Female,false,1999-01-03
alepiscopio33,Alexei,L'Episcopio,alepiscopio33@google.it,Male,true,1997-03-20
nwenderott34,Nil,Wenderott,nwenderott34@howstuffworks.com,Male,true,1997-05-06
cperegrine35,Cally,Peregrine,cperegrine35@who.int,Female,false,1994-08-27
fbraven36,Fulton,Braven,fbraven36@craigslist.org,Male,false,1999-10-25
lantognetti37,Libbi,Antognetti,lantognetti37@bloglovin.com,Female,true,2001-02-19
jmccarly38,Julina,McCarly,jmccarly38@sciencedaily.com,Female,true,1997-11-10
bnodin39,Ber,Nodin,bnodin39@dell.com,Male,true,1997-09-09
enanson3a,Erl,Nanson,enanson3a@google.es,Male,false,2000-02-29
jdurrans3b,Josefina,Durrans,jdurrans3b@desdev.cn,Female,false,1997-11-16
ghallford3c,Gaston,Hallford,ghallford3c@weibo.com,Male,false,1999-02-17
khanley3d,Kiley,Hanley,khanley3d@nbcnews.com,Male,false,1997-06-11
svarfalameev3e,Sharyl,Varfalameev,svarfalameev3e@reuters.com,Female,false,2000-09-15
rbillington3f,Robinett,Billington,rbillington3f@jalbum.net,Female,true,1994-04-09
dmartini3g,Dud,Martini,dmartini3g@twitpic.com,Male,true,1999-08-02
mbandy3h,Morganica,Bandy,mbandy3h@usgs.gov,Female,false,1996-04-22
tlepoidevin3i,Tedmund,Lepoidevin,tlepoidevin3i@technorati.com,Male,true,1996-07-24
jduesberry3j,Jermaine,Duesberry,jduesberry3j@europa.eu,Male,false,2001-03-02
wstellin3k,Westbrook,Stellin,wstellin3k@google.co.jp,Male,true,1994-04-14
abelshaw3l,Ariadne,Belshaw,abelshaw3l@jimdo.com,Genderqueer,true,1995-08-25
soakeby3m,Skippy,Oakeby,soakeby3m@umn.edu,Male,false,1999-07-27
nlindroos3n,Ninnetta,Lindroos,nlindroos3n@reuters.com,Bigender,true,1996-01-29
hmelin3o,Hernando,Melin,hmelin3o@jugem.jp,Male,true,1995-04-30
jcreeboe3p,Jeniffer,Creeboe,jcreeboe3p@dion.ne.jp,Bigender,false,1996-02-18
kodriscoll3q,Karla,O'Driscoll,kodriscoll3q@bizjournals.com,Female,false,1993-08-27
vlavin3r,Vernon,Lavin,vlavin3r@vimeo.com,Male,true,1995-09-13
cruddiman3s,Cletus,Ruddiman,cruddiman3s@mac.com,Male,false,1997-05-16
pganford3t,Paige,Ganford,pganford3t@ftc.gov,Female,true,2000-04-16
okynaston3u,Oren,Kynaston,okynaston3u@unesco.org,Male,false,1994-04-27
ghazel3v,Grange,Hazel,ghazel3v@gmpg.org,Male,true,2000-02-11
lhumberstone3w,Lelia,Humberstone,lhumberstone3w@t.co,Female,true,1998-08-25
bmcdonogh3x,Bliss,McDonogh,bmcdonogh3x@hhs.gov,Female,false,1994-01-07
rwaud3y,Rocky,Waud,rwaud3y@hibu.com,Male,false,1999-04-03
callbon3z,Clive,Allbon,callbon3z@unc.edu,Male,true,1999-11-05
singolotti40,Standford,Ingolotti,singolotti40@ameblo.jp,Male,true,1993-09-07
mpottie41,Mohandis,Pottie,mpottie41@google.ru,Male,true,1994-03-30
ajacson42,Arni,Jacson,ajacson42@desdev.cn,Male,true,2000-09-10
critchman43,Clive,Ritchman,critchman43@bigcartel.com,Male,true,1995-11-17
hwhitford44,Hedi,Whitford,hwhitford44@buzzfeed.com,Female,true,1997-06-15
mbidnall45,Margalit,Bidnall,mbidnall45@pen.io,Female,true,1994-08-12
pmacgahey46,Phil,MacGahey,pmacgahey46@joomla.org,Male,true,1998-02-10
ldarko47,Lothario,Darko,ldarko47@engadget.com,Male,false,1995-02-23
hmcrae48,Heywood,McRae,hmcrae48@howstuffworks.com,Male,false,1996-06-29
emacgee49,Ellyn,MacGee,emacgee49@istockphoto.com,Female,true,1994-11-01
jspringett4a,Josi,Springett,jspringett4a@ucla.edu,Female,true,1999-06-10
cgaley4b,Corabel,Galey,cgaley4b@fema.gov,Female,false,2000-03-04
sdukelow4c,Suzanna,Dukelow,sdukelow4c@drupal.org,Female,true,1996-12-08
mcolgan4d,Marinna,Colgan,mcolgan4d@reference.com,Genderqueer,false,1996-07-20
eramsden4e,Elana,Ramsden,eramsden4e@washington.edu,Female,true,1996-07-09
memlyn4f,Mireille,Emlyn,memlyn4f@chronoengine.com,Female,true,1995-02-27
tpaulat4g,Tawsha,Paulat,tpaulat4g@photobucket.com,Bigender,false,1998-11-03
talfuso4h,Town,Alfuso,talfuso4h@bloglines.com,Male,false,1993-11-21
masser4i,Mia,Asser,masser4i@webnode.com,Female,false,1997-10-04
equakley4j,Euphemia,Quakley,equakley4j@reddit.com,Female,false,1995-10-02
eleander4k,Em,Leander,eleander4k@independent.co.uk,Male,false,1999-07-06
lleverentz4l,Linn,Leverentz,lleverentz4l@gizmodo.com,Male,true,1997-02-04
ldenyukin4m,Loydie,Denyukin,ldenyukin4m@dagondesign.com,Male,false,1993-11-17
gfoffano4n,Gianina,Foffano,gfoffano4n@reuters.com,Female,true,1995-08-17
kcowe4o,Kenton,Cowe,kcowe4o@unesco.org,Male,true,1998-07-18
fsweatland4p,Filip,Sweatland,fsweatland4p@wsj.com,Male,false,1999-03-22
dantonat4q,Debera,Antonat,dantonat4q@noaa.gov,Female,true,2001-01-01
inicklen4r,Ignazio,Nicklen,inicklen4r@clickbank.net,Male,true,1999-11-14
awhebell4s,Adelbert,Whebell,awhebell4s@pagesperso-orange.fr,Male,true,1997-03-19
vsafe4t,Vannie,Safe,vsafe4t@plala.or.jp,Genderqueer,false,1996-05-30
cglide4u,Crysta,Glide,cglide4u@princeton.edu,Female,false,1999-12-14
alenard4v,Alexandros,Lenard,alenard4v@google.fr,Male,false,2001-03-07
amungham4w,Annamarie,Mungham,amungham4w@nytimes.com,Female,false,1998-12-31
gpflieger4x,Gisela,Pflieger,gpflieger4x@goo.ne.jp,Agender,false,1994-02-07
kdallimare4y,Karon,Dallimare,kdallimare4y@behance.net,Bigender,false,1993-12-16
hbough4z,Haskell,Bough,hbough4z@google.ru,Male,false,2000-08-23
dbogays50,Donella,Bogays,dbogays50@example.com,Female,true,2000-12-31
cmilkeham51,Cordell,Milkeham,cmilkeham51@artisteer.com,Male,false,2000-07-08
ofirbank52,Othilia,Firbank,ofirbank52@friendfeed.com,Female,true,1997-08-26
flevene53,Federica,Levene,flevene53@biglobe.ne.jp,Female,true,2000-04-01
gwalkling54,Giovanna,Walkling,gwalkling54@google.it,Female,true,2000-02-17
cmcquode55,Costanza,McQuode,cmcquode55@sina.com.cn,Female,false,1995-04-10
kragg56,King,Ragg,kragg56@reddit.com,Male,false,1996-02-16
jschechter57,John,Schechter,jschechter57@imdb.com,Male,false,1993-12-10
uriatt58,Umberto,Riatt,uriatt58@mlb.com,Male,true,1999-10-02
tcracoe59,Tallia,Cracoe,tcracoe59@geocities.com,Female,true,1994-06-17
kkaasman5a,Katharine,Kaasman,kkaasman5a@youtu.be,Female,false,2000-06-13
nbaxill5b,Noami,Baxill,nbaxill5b@flavors.me,Female,true,2001-04-17
zwooffitt5c,Zea,Wooffitt,zwooffitt5c@networkadvertising.org,Female,true,1996-10-06
aabsolem5d,Abramo,Absolem,aabsolem5d@feedburner.com,Male,false,1996-04-06
rtomasz5e,Richy,Tomasz,rtomasz5e@goo.gl,Male,false,1996-12-27
cbisiker5f,Chester,Bisiker,cbisiker5f@gnu.org,Male,true,1997-04-10
crickardsson5g,Coralyn,Rickardsson,crickardsson5g@dailymail.co.uk,Female,true,1997-04-04
lrepp5h,Lorettalorna,Repp,lrepp5h@amazon.com,Female,true,2000-08-02
ebatisse5i,Emmeline,Batisse,ebatisse5i@dyndns.org,Female,false,1994-10-23
moughton5j,Moss,Oughton,moughton5j@google.pl,Male,false,1994-05-03
mconwell5k,Mickie,Conwell,mconwell5k@si.edu,Male,false,1995-07-23
spretorius5l,Seward,Pretorius,spretorius5l@europa.eu,Male,false,1994-10-30
cpurseglove5m,Charlene,Purseglove,cpurseglove5m@senate.gov,Female,false,1994-09-29
hfield5n,Hort,Field,hfield5n@europa.eu,Male,true,2000-12-25
cpenfold5o,Camel,Penfold,cpenfold5o@archive.org,Female,true,1995-04-28
serangey5p,Sianna,Erangey,serangey5p@xrea.com,Female,false,1998-10-31
jdehn5q,Jacquelynn,Dehn,jdehn5q@jalbum.net,Female,true,2000-02-14
fbowton5r,Felice,Bowton,fbowton5r@hud.gov,Genderfluid,false,1999-11-07
vserraillier5s,Vincenz,Serraillier,vserraillier5s@skyrock.com,Male,true,1997-08-04
abuessen5t,Aleen,Buessen,abuessen5t@amazonaws.com,Female,true,1996-02-03
tbenzie5u,Trip,Benzie,tbenzie5u@blog.com,Male,false,1999-10-28
atolomei5v,Arlana,Tolomei,atolomei5v@ovh.net,Female,false,2000-04-10
useckom5w,Ulric,Seckom,useckom5w@fotki.com,Male,true,1995-07-26
tpock5x,Terri,Pock,tpock5x@ibm.com,Bigender,false,1996-01-04
fbrewett5y,Filia,Brewett,fbrewett5y@ocn.ne.jp,Female,false,1999-05-09
ewaddy5z,Elvina,Waddy,ewaddy5z@4shared.com,Female,false,2000-01-18
aemanueli60,Annabell,Emanueli,aemanueli60@blogs.com,Female,false,1997-03-03
rporter61,Rollo,Porter,rporter61@vkontakte.ru,Male,false,1999-09-16
cmacari62,Colet,Macari,cmacari62@sohu.com,Male,true,1998-02-12
idavall63,Inez,Davall,idavall63@ycombinator.com,Female,false,1999-02-13
rdebeauchamp64,Rici,De Beauchamp,rdebeauchamp64@w3.org,Bigender,true,1997-09-15
mshanahan65,Maude,Shanahan,mshanahan65@hao123.com,Female,false,1996-08-29
njenman66,Nolly,Jenman,njenman66@google.cn,NonBinary,true,1995-05-02
mbane67,Monica,Bane,mbane67@amazon.com,Female,true,1997-08-09
gjorck68,Gillan,Jorck,gjorck68@list-manage.com,Female,true,1997-04-24
gpetricek69,Galvan,Petricek,gpetricek69@wp.com,Male,true,2000-08-31
dcrevagh6a,Davine,Crevagh,dcrevagh6a@gmpg.org,Female,true,1999-07-11
ehiscoe6b,Elie,Hiscoe,ehiscoe6b@ihg.com,Female,true,1996-09-17
rcoote6c,Raye,Coote,rcoote6c@house.gov,Female,false,1995-03-26
apoints6d,Aggi,Points,apoints6d@topsy.com,Bigender,false,1998-02-08
bwinmill6e,Bella,Winmill,bwinmill6e@com.com,Female,false,1999-12-03
igillard6f,Inger,Gillard,igillard6f@wikipedia.org,Female,true,1996-07-31
mwillishire6g,Michelina,Willishire,mwillishire6g@ibm.com,Female,true,1998-01-11
gmatyushkin6h,Gertrude,Matyushkin,gmatyushkin6h@sogou.com,Female,true,1995-02-03
mfitzharris6i,Merv,Fitzharris,mfitzharris6i@home.pl,Male,true,1994-02-12
sbeesey6j,Sheridan,Beesey,sbeesey6j@apple.com,Male,false,2000-12-20
mragsdall6k,Meghann,Ragsdall,mragsdall6k@hao123.com,Female,true,2000-09-29
sguage6l,Stacia,Guage,sguage6l@hc360.com,Female,true,2000-05-28
sstanbridge6m,Staci,Stanbridge,sstanbridge6m@globo.com,Female,true,1996-05-25
cdoumic6n,Carmelle,Doumic,cdoumic6n@aol.com,Female,true,1999-02-16
aoxteby6o,Arlyn,Oxteby,aoxteby6o@comcast.net,Female,true,1996-09-27
bhartland6p,Bill,Hartland,bhartland6p@weibo.com,Male,false,1995-10-06
dbrun6q,Davis,Brun,dbrun6q@stanford.edu,Male,false,1998-12-25
cgittoes6r,Celeste,Gittoes,cgittoes6r@mayoclinic.com,Female,false,1996-05-17
hwallace6s,Hatty,Wallace,hwallace6s@cocolog-nifty.com,Female,false,1995-09-05
wwigin6t,Will,Wigin,wwigin6t@ed.gov,Male,true,1998-10-23
kbramstom6u,Kathlin,Bramstom,kbramstom6u@ocn.ne.jp,Female,true,2000-03-15
hwieprecht6v,Hartley,Wieprecht,hwieprecht6v@mozilla.com,Male,false,1996-06-08
afowells6w,Ali,Fowells,afowells6w@macromedia.com,Male,false,1996-04-23
lramalhete6x,Levy,Ramalhete,lramalhete6x@ameblo.jp,Agender,true,1999-08-07
nmccloch6y,Nicolette,McCloch,nmccloch6y@over-blog.com,Female,false,1995-10-14
bbeert6z,Brooke,Beert,bbeert6z@nyu.edu,Female,false,1995-03-25
bmanuaud70,Beverlee,Manuaud,bmanuaud70@ed.gov,Female,true,1996-02-13
kmackenney71,Kingsly,MacKenney,kmackenney71@unblog.fr,Male,false,1999-09-13
ehirtzmann72,Elita,Hirtzmann,ehirtzmann72@infoseek.co.jp,Female,false,1995-08-27
ahazlehurst73,Albrecht,Hazlehurst,ahazlehurst73@ted.com,Male,true,1995-02-11
wjerosch74,Wainwright,Jerosch,wjerosch74@gmpg.org,Male,true,1999-03-21
cschankelborg75,Corrianne,Schankelborg,cschankelborg75@msu.edu,Female,false,1995-04-13
lpirrone76,Lizabeth,Pirrone,lpirrone76@mashable.com,Female,false,1994-04-15
thovy77,Thain,Hovy,thovy77@mozilla.com,Male,false,1997-11-18
tfurnival78,Tammy,Furnival,tfurnival78@gravatar.com,Female,false,1995-12-16
bthorouggood79,Boonie,Thorouggood,bthorouggood79@fc2.com,Male,false,1996-10-14
wmourge7a,Woodrow,Mourge,wmourge7a@slideshare.net,Male,false,1998-11-20
ptaffee7b,Peggi,Taffee,ptaffee7b@devhub.com,Polygender,true,1997-03-28
jshaughnessy7c,Jourdain,Shaughnessy,jshaughnessy7c@php.net,Male,false,2000-04-09
ggwynn7d,Grata,Gwynn,ggwynn7d@princeton.edu,Female,true,2001-01-03
troj7e,Tamiko,Roj,troj7e@washingtonpost.com,Female,true,1998-10-14
rwicher7f,Rita,Wicher,rwicher7f@cnbc.com,Female,true,1996-09-10
hgretton7g,Hagan,Gretton,hgretton7g@canalblog.com,Bigender,true,1998-07-13
bvernon7h,Budd,Vernon,bvernon7h@webnode.com,Male,true,1997-01-20
madhams7i,Maxwell,Adhams,madhams7i@imdb.com,Male,true,1999-08-25
bcutten7j,Bartie,Cutten,bcutten7j@nsw.gov.au,Male,true,1998-04-28
abaynton7k,Arte,Baynton,abaynton7k@prnewswire.com,Male,false,1997-03-22
mdutt7l,Mari,Dutt,mdutt7l@facebook.com,Female,false,1998-07-04
dpucknell7m,Dougy,Pucknell,dpucknell7m@mayoclinic.com,Male,false,1993-09-04
abatterson7n,Aldrich,Batterson,abatterson7n@huffingtonpost.com,Male,false,1997-08-11
fbellas7o,Fanya,Bellas,fbellas7o@netlog.com,Female,true,1994-01-20
lcrimmins7p,Lucian,Crimmins,lcrimmins7p@weather.com,Male,false,1994-03-30
gheliot7q,Gibb,Heliot,gheliot7q@oaic.gov.au,Male,true,1996-03-24
pkerss7r,Paten,Kerss,pkerss7r@hhs.gov,Male,false,1997-07-17
acorrigan7s,Alia,Corrigan,acorrigan7s@cdbaby.com,Female,true,1994-11-04
akenwyn7t,Annecorinne,Kenwyn,akenwyn7t@g.co,Female,false,2000-05-30
cpolgreen7u,Caty,Polgreen,cpolgreen7u@pcworld.com,Female,false,1997-09-05
hscohier7v,Harlie,Scohier,hscohier7v@dedecms.com,Female,true,1999-05-23
cgammel7w,Carolan,Gammel,cgammel7w@bigcartel.com,Female,true,2001-02-19
zchasle7x,Zaccaria,Chasle,zchasle7x@google.es,Male,true,2000-09-26
afisk7y,Agathe,Fisk,afisk7y@weibo.com,Female,false,2000-09-29
bsplain7z,Billie,Splain,bsplain7z@blogspot.com,Male,true,1999-12-28
cwolfarth80,Celestyna,Wolfarth,cwolfarth80@mozilla.com,Female,true,1997-01-27
wdood81,Wilma,Dood,wdood81@wiley.com,Female,false,1994-04-26
ndoogan82,Netty,Doogan,ndoogan82@microsoft.com,Genderfluid,false,1996-01-11
fgrimsdike83,Filippo,Grimsdike,fgrimsdike83@arstechnica.com,Male,true,1999-09-02
dmulran84,Desmund,Mulran,dmulran84@infoseek.co.jp,Male,false,2001-06-14
bjandac85,Barbette,Jandac,bjandac85@constantcontact.com,Female,false,1996-03-04
atowers86,Alma,Towers,atowers86@state.tx.us,Female,true,1997-09-23
dgambrell87,Douglas,Gambrell,dgambrell87@plala.or.jp,Genderqueer,true,2000-01-08
rdunbabin88,Randene,Dunbabin,rdunbabin88@vk.com,Female,false,1999-06-26
mquenell89,Mandy,Quenell,mquenell89@bizjournals.com,Female,true,1999-08-21
nokenny8a,Nelia,O'Kenny,nokenny8a@wikispaces.com,Female,true,1996-07-11
chowison8b,Colleen,Howison,chowison8b@cbc.ca,Female,true,1999-07-08
